Workbook

Sheet 总览
A1: 产销质SIT测试问题总览
A2: 统计口径说明：状态列直接关联各子表「问题状态」列逐状态计数（未修复/修复中/已修复/已验证/非问题/挂起/验证未通过），问题总数＝7 个状态之和；延期数＝「计划解决日期」早于当前日期、且状态为未修复或修复中的问题个数；级别统计关联各子表「问题级别」列（致命/严重/一般/提示）。数据自动关联营销、品质、计划、炼钢、轧钢、精整、冷精、仓储 8 张子表，录入后本页自动更新。
A4: 一、整体统计概览
A5: 指标 | B5: 问题总数 | C5: 未修复 | D5: 修复中 | E5: 已修复 | F5: 已验证 | G5: 非问题 | H5: 挂起 | I5: 验证未通过 | J5: 延期数
A6: 数值 | B6: =SUM(B10:B17) | C6: =SUM(C10:C17) | D6: =SUM(D10:D17) | E6: =SUM(E10:E17) | F6: =SUM(F10:F17) | G6: =SUM(G10:G17) | H6: =SUM(H10:H17) | I6: =SUM(I10:I17) | J6: =SUM(J10:J17)
A8: 二、各领域状态明细
A9: 领域 | B9: 问题总数 | C9: 未修复 | D9: 修复中 | E9: 已修复 | F9: 已验证 | G9: 非问题 | H9: 挂起 | I9: 验证未通过 | J9: 延期数
A10: 营销 | B10: =SUM(C10:I10) | C10: =COUNTIF('营销'!F:F,"未修复") | D10: =COUNTIF('营销'!F:F,"修复中") | E10: =COUNTIF('营销'!F:F,"已修复") | F10: =COUNTIF('营销'!F:F,"已验证") | G10: =COUNTIF('营销'!F:F,"非问题") | H10: =COUNTIF('营销'!F:F,"挂起") | I10: =COUNTIF('营销'!F:F,"验证未通过") | J10: =COUNTIFS('营销'!R:R,"<"&TODAY(),'营销'!F:F,"未修复")+COUNTIFS('营销'!R:R,"<"&TODAY(),'营销'!F:F,"修复中")
A11: 品质 | B11: =SUM(C11:I11) | C11: =COUNTIF('品质'!F:F,"未修复") | D11: =COUNTIF('品质'!F:F,"修复中") | E11: =COUNTIF('品质'!F:F,"已修复") | F11: =COUNTIF('品质'!F:F,"已验证") | G11: =COUNTIF('品质'!F:F,"非问题") | H11: =COUNTIF('品质'!F:F,"挂起") | I11: =COUNTIF('品质'!F:F,"验证未通过") | J11: =COUNTIFS('品质'!R:R,"<"&TODAY(),'品质'!F:F,"未修复")+COUNTIFS('品质'!R:R,"<"&TODAY(),'品质'!F:F,"修复中")
A12: 计划 | B12: =SUM(C12:I12) | C12: =COUNTIF('计划'!F:F,"未修复") | D12: =COUNTIF('计划'!F:F,"修复中") | E12: =COUNTIF('计划'!F:F,"已修复") | F12: =COUNTIF('计划'!F:F,"已验证") | G12: =COUNTIF('计划'!F:F,"非问题") | H12: =COUNTIF('计划'!F:F,"挂起") | I12: =COUNTIF('计划'!F:F,"验证未通过") | J12: =COUNTIFS('计划'!R:R,"<"&TODAY(),'计划'!F:F,"未修复")+COUNTIFS('计划'!R:R,"<"&TODAY(),'计划'!F:F,"修复中")
A13: 炼钢 | B13: =SUM(C13:I13) | C13: =COUNTIF('炼钢'!F:F,"未修复") | D13: =COUNTIF('炼钢'!F:F,"修复中") | E13: =COUNTIF('炼钢'!F:F,"已修复") | F13: =COUNTIF('炼钢'!F:F,"已验证") | G13: =COUNTIF('炼钢'!F:F,"非问题") | H13: =COUNTIF('炼钢'!F:F,"挂起") | I13: =COUNTIF('炼钢'!F:F,"验证未通过") | J13: =COUNTIFS('炼钢'!R:R,"<"&TODAY(),'炼钢'!F:F,"未修复")+COUNTIFS('炼钢'!R:R,"<"&TODAY(),'炼钢'!F:F,"修复中")
A14: 轧钢 | B14: =SUM(C14:I14) | C14: =COUNTIF('轧钢'!F:F,"未修复") | D14: =COUNTIF('轧钢'!F:F,"修复中") | E14: =COUNTIF('轧钢'!F:F,"已修复") | F14: =COUNTIF('轧钢'!F:F,"已验证") | G14: =COUNTIF('轧钢'!F:F,"非问题") | H14: =COUNTIF('轧钢'!F:F,"挂起") | I14: =COUNTIF('轧钢'!F:F,"验证未通过") | J14: =COUNTIFS('轧钢'!R:R,"<"&TODAY(),'轧钢'!F:F,"未修复")+COUNTIFS('轧钢'!R:R,"<"&TODAY(),'轧钢'!F:F,"修复中")
A15: 精整 | B15: =SUM(C15:I15) | C15: =COUNTIF('精整'!F:F,"未修复") | D15: =COUNTIF('精整'!F:F,"修复中") | E15: =COUNTIF('精整'!F:F,"已修复") | F15: =COUNTIF('精整'!F:F,"已验证") | G15: =COUNTIF('精整'!F:F,"非问题") | H15: =COUNTIF('精整'!F:F,"挂起") | I15: =COUNTIF('精整'!F:F,"验证未通过") | J15: =COUNTIFS('精整'!R:R,"<"&TODAY(),'精整'!F:F,"未修复")+COUNTIFS('精整'!R:R,"<"&TODAY(),'精整'!F:F,"修复中")
A16: 冷精 | B16: =SUM(C16:I16) | C16: =COUNTIF('冷精'!F:F,"未修复") | D16: =COUNTIF('冷精'!F:F,"修复中") | E16: =COUNTIF('冷精'!F:F,"已修复") | F16: =COUNTIF('冷精'!F:F,"已验证") | G16: =COUNTIF('冷精'!F:F,"非问题") | H16: =COUNTIF('冷精'!F:F,"挂起") | I16: =COUNTIF('冷精'!F:F,"验证未通过") | J16: =COUNTIFS('冷精'!R:R,"<"&TODAY(),'冷精'!F:F,"未修复")+COUNTIFS('冷精'!R:R,"<"&TODAY(),'冷精'!F:F,"修复中")
A17: 仓储 | B17: =SUM(C17:I17) | C17: =COUNTIF('仓储'!F:F,"未修复") | D17: =COUNTIF('仓储'!F:F,"修复中") | E17: =COUNTIF('仓储'!F:F,"已修复") | F17: =COUNTIF('仓储'!F:F,"已验证") | G17: =COUNTIF('仓储'!F:F,"非问题") | H17: =COUNTIF('仓储'!F:F,"挂起") | I17: =COUNTIF('仓储'!F:F,"验证未通过") | J17: =COUNTIFS('仓储'!R:R,"<"&TODAY(),'仓储'!F:F,"未修复")+COUNTIFS('仓储'!R:R,"<"&TODAY(),'仓储'!F:F,"修复中")
A18: 合计 | B18: =SUM(B10:B17) | C18: =SUM(C10:C17) | D18: =SUM(D10:D17) | E18: =SUM(E10:E17) | F18: =SUM(F10:F17) | G18: =SUM(G10:G17) | H18: =SUM(H10:H17) | I18: =SUM(I10:I17) | J18: =SUM(J10:J17)
A20: 三、按问题级别统计
A21: 领域 | B21: 致命 | C21: 严重 | D21: 一般 | E21: 提示 | F21: 总数
A22: 营销 | B22: =COUNTIF('营销'!D:D,"致命") | C22: =COUNTIF('营销'!D:D,"严重") | D22: =COUNTIF('营销'!D:D,"一般") | E22: =COUNTIF('营销'!D:D,"提示") | F22: =SUM(B22:E22)
A23: 品质 | B23: =COUNTIF('品质'!D:D,"致命") | C23: =COUNTIF('品质'!D:D,"严重") | D23: =COUNTIF('品质'!D:D,"一般") | E23: =COUNTIF('品质'!D:D,"提示") | F23: =SUM(B23:E23)
A24: 计划 | B24: =COUNTIF('计划'!D:D,"致命") | C24: =COUNTIF('计划'!D:D,"严重") | D24: =COUNTIF('计划'!D:D,"一般") | E24: =COUNTIF('计划'!D:D,"提示") | F24: =SUM(B24:E24)
A25: 炼钢 | B25: =COUNTIF('炼钢'!D:D,"致命") | C25: =COUNTIF('炼钢'!D:D,"严重") | D25: =COUNTIF('炼钢'!D:D,"一般") | E25: =COUNTIF('炼钢'!D:D,"提示") | F25: =SUM(B25:E25)
A26: 轧钢 | B26: =COUNTIF('轧钢'!D:D,"致命") | C26: =COUNTIF('轧钢'!D:D,"严重") | D26: =COUNTIF('轧钢'!D:D,"一般") | E26: =COUNTIF('轧钢'!D:D,"提示") | F26: =SUM(B26:E26)
A27: 精整 | B27: =COUNTIF('精整'!D:D,"致命") | C27: =COUNTIF('精整'!D:D,"严重") | D27: =COUNTIF('精整'!D:D,"一般") | E27: =COUNTIF('精整'!D:D,"提示") | F27: =SUM(B27:E27)
A28: 冷精 | B28: =COUNTIF('冷精'!D:D,"致命") | C28: =COUNTIF('冷精'!D:D,"严重") | D28: =COUNTIF('冷精'!D:D,"一般") | E28: =COUNTIF('冷精'!D:D,"提示") | F28: =SUM(B28:E28)
A29: 仓储 | B29: =COUNTIF('仓储'!D:D,"致命") | C29: =COUNTIF('仓储'!D:D,"严重") | D29: =COUNTIF('仓储'!D:D,"一般") | E29: =COUNTIF('仓储'!D:D,"提示") | F29: =SUM(B29:E29)
A30: 合计 | B30: =SUM(B22:B29) | C30: =SUM(C22:C29) | D30: =SUM(D22:D29) | E30: =SUM(E22:E29) | F30: =SUM(F22:F29)

Sheet 营销
A1: 序号 | B1: 测试阶段 | C1: 领域 | D1: 问题级别* | E1: 问题类型* | F1: 问题状态* | G1: 所属模块* | H1: 一级菜单 | I1: 二级菜单 | J1: 三级菜单 | K1: 问题描述 | L1: 问题截图1 | M1: 问题截图2 | N1: 发现者* | O1: 发现日期 | P1: 解决者* | Q1: 问题原因* | R1: 计划解决日期* | S1: 实际解决日期* | T1: 验证人* | U1: 关闭日期* | V1: 引入版本或阶段 | W1: 解决版本 | X1: 备注

Sheet 品质
A1: 序号 | B1: 测试阶段 | C1: 领域 | D1: 问题级别* | E1: 问题类型* | F1: 问题状态* | G1: 所属模块* | H1: 一级菜单 | I1: 二级菜单 | J1: 三级菜单 | K1: 问题描述 | L1: 问题截图1 | M1: 问题截图2 | N1: 发现者* | O1: 发现日期 | P1: 解决者* | Q1: 问题原因* | R1: 计划解决日期* | S1: 实际解决日期* | T1: 验证人* | U1: 关闭日期* | V1: 引入版本或阶段 | W1: 解决版本 | X1: 备注

Sheet 计划
A1: 序号 | B1: 测试阶段 | C1: 领域 | D1: 问题级别* | E1: 问题类型* | F1: 问题状态* | G1: 所属模块* | H1: 一级菜单 | I1: 二级菜单 | J1: 三级菜单 | K1: 问题描述 | L1: 问题截图1 | M1: 问题截图2 | N1: 发现者* | O1: 发现日期 | P1: 解决者* | Q1: 问题原因* | R1: 计划解决日期* | S1: 实际解决日期* | T1: 验证人* | U1: 关闭日期* | V1: 引入版本或阶段 | W1: 解决版本 | X1: 备注

Sheet 炼钢
A1: 序号 | B1: 测试阶段 | C1: 领域 | D1: 问题级别* | E1: 问题类型* | F1: 问题状态* | G1: 所属模块* | H1: 一级菜单 | I1: 二级菜单 | J1: 三级菜单 | K1: 问题描述 | L1: 问题截图1 | M1: 问题截图2 | N1: 发现者* | O1: 发现日期 | P1: 解决者* | Q1: 问题原因* | R1: 计划解决日期* | S1: 实际解决日期* | T1: 验证人* | U1: 关闭日期* | V1: 引入版本或阶段 | W1: 解决版本 | X1: 备注

Sheet 轧钢
A1: 序号 | B1: 测试阶段 | C1: 领域 | D1: 问题级别* | E1: 问题类型* | F1: 问题状态* | G1: 所属模块* | H1: 一级菜单 | I1: 二级菜单 | J1: 三级菜单 | K1: 问题描述 | L1: 问题截图1 | M1: 问题截图2 | N1: 发现者* | O1: 发现日期 | P1: 解决者* | Q1: 问题原因* | R1: 计划解决日期* | S1: 实际解决日期* | T1: 验证人* | U1: 关闭日期* | V1: 引入版本或阶段 | W1: 解决版本 | X1: 备注

Sheet 精整
A1: 序号 | B1: 测试阶段 | C1: 领域 | D1: 问题级别* | E1: 问题类型* | F1: 问题状态* | G1: 所属模块* | H1: 一级菜单 | I1: 二级菜单 | J1: 三级菜单 | K1: 问题描述 | L1: 问题截图1 | M1: 问题截图2 | N1: 发现者* | O1: 发现日期 | P1: 解决者* | Q1: 问题原因* | R1: 计划解决日期* | S1: 实际解决日期* | T1: 验证人* | U1: 关闭日期* | V1: 引入版本或阶段 | W1: 解决版本 | X1: 备注

Sheet 冷精
A1: 序号 | B1: 测试阶段 | C1: 领域 | D1: 问题级别* | E1: 问题类型* | F1: 问题状态* | G1: 所属模块* | H1: 一级菜单 | I1: 二级菜单 | J1: 三级菜单 | K1: 问题描述 | L1: 问题截图1 | M1: 问题截图2 | N1: 发现者* | O1: 发现日期 | P1: 解决者* | Q1: 问题原因* | R1: 计划解决日期* | S1: 实际解决日期* | T1: 验证人* | U1: 关闭日期* | V1: 引入版本或阶段 | W1: 解决版本 | X1: 备注

Sheet 仓储
A1: 序号 | B1: 测试阶段 | C1: 领域 | D1: 问题级别* | E1: 问题类型* | F1: 问题状态* | G1: 所属模块* | H1: 一级菜单 | I1: 二级菜单 | J1: 三级菜单 | K1: 问题描述 | L1: 问题截图1 | M1: 问题截图2 | N1: 发现者* | O1: 发现日期 | P1: 解决者* | Q1: 问题原因* | R1: 计划解决日期* | S1: 实际解决日期* | T1: 验证人* | U1: 关闭日期* | V1: 引入版本或阶段 | W1: 解决版本 | X1: 备注
